"Core","DATETIME","MPVPosition","CH4_dry","CO2_dry","Elapsed_seconds","Treatment","coreID","Site","location","drying","length","replicate","Core_assignment"
"1",2019-07-29 18:00:02,9,49.765611498,450.69985673,48,"drought","C1","CPCRW","upland","forced","90 day",1,"CPCRW_90d_up_FAD_r1"
"1",2019-07-29 18:50:53,9,49.770235991,553.8486416,0,"drought","C1","CPCRW","upland","forced","90 day",1,"CPCRW_90d_up_FAD_r1"
"1",2019-07-29 18:51:41,9,49.770235991,509.69972638,48,"drought","C1","CPCRW","upland","forced","90 day",1,"CPCRW_90d_up_FAD_r1"
"1",2019-07-29 18:52:31,9,49.770235991,489.12294791,98,"drought","C1","CPCRW","upland","forced","90 day",1,"CPCRW_90d_up_FAD_r1"
"1",2019-07-29 19:46:16,9,49.770235991,473.81711318,0,"drought","C1","CPCRW","upland","forced","90 day",1,"CPCRW_90d_up_FAD_r1"
"1",2019-07-29 19:47:07,9,49.770235991,537.53298898,51,"drought","C1","CPCRW","upland","forced","90 day",1,"CPCRW_90d_up_FAD_r1"
"1",2019-07-29 21:00:06,9,49.770235991,539.26496507,0,"drought","C1","CPCRW","upland","forced","90 day",1,"CPCRW_90d_up_FAD_r1"
"1",2019-07-29 21:00:57,9,49.770235991,506.25647114,51,"drought","C1","CPCRW","upland","forced","90 day",1,"CPCRW_90d_up_FAD_r1"
"1",2019-07-29 21:01:48,9,49.770235991,512.165955,102,"drought","C1","CPCRW","upland","forced","90 day",1,"CPCRW_90d_up_FAD_r1"
"1",2019-07-29 17:59:14,9,49.765611498,456.67929718,0,"drought","C1","CPCRW","upland","forced","90 day",1,"CPCRW_90d_up_FAD_r1"
"1",2019-07-29 22:14:11,9,49.696885816,485.44915525,0,"drought","C1","CPCRW","upland","forced","90 day",1,"CPCRW_90d_up_FAD_r1"
"1",2019-07-29 22:15:02,9,49.696885816,541.9438703,51,"drought","C1","CPCRW","upland","forced","90 day",1,"CPCRW_90d_up_FAD_r1"
"10",2019-07-29 16:37:03,10,49.298407151,436.26128163,0,"drought","C10","CPCRW","upland","forced","1000 day",4,"CPCRW_1000d_up_FAD_r4"
"10",2019-07-29 16:38:42,10,49.298407151,438.93208984,99,"drought","C10","CPCRW","upland","forced","1000 day",4,"CPCRW_1000d_up_FAD_r4"
"10",2019-07-29 16:37:53,10,49.298407151,434.38505718,50,"drought","C10","CPCRW","upland","forced","1000 day",4,"CPCRW_1000d_up_FAD_r4"
"13",2019-07-22 20:54:03,13,47.244855948,494.50065578,51,"drought","C13","CPCRW","upland","constant weight","150 day",2,"CPCRW_150d_up_CW_r2"
"13",2019-07-22 20:53:12,13,47.244855948,520.04949112,0,"drought","C13","CPCRW","upland","constant weight","150 day",2,"CPCRW_150d_up_CW_r2"
"13",2019-07-22 20:54:54,13,47.244855948,534.89448674,102,"drought","C13","CPCRW","upland","constant weight","150 day",2,"CPCRW_150d_up_CW_r2"
"14",2019-07-29 16:47:12,14,49.734407775,512.96379545,0,"drought","C14","CPCRW","upland","forced","150 day",4,"CPCRW_150d_up_FAD_r4"
"14",2019-07-29 16:48:01,14,49.734407775,507.55287332,49,"drought","C14","CPCRW","upland","forced","150 day",4,"CPCRW_150d_up_FAD_r4"
"16",2019-07-29 17:53:41,7,49.765611498,474.4809105,0,"drought","C16","CPCRW","upland","forced","30 day",2,"CPCRW_30d_up_FAD_r2"
"16",2019-07-29 17:54:29,7,49.765611498,479.58737333,48,"drought","C16","CPCRW","upland","forced","30 day",2,"CPCRW_30d_up_FAD_r2"
"16",2019-07-29 17:55:18,7,49.765611498,472.21344925,97,"drought","C16","CPCRW","upland","forced","30 day",2,"CPCRW_30d_up_FAD_r2"
"16",2019-07-29 18:45:51,7,49.770235991,508.10110158,0,"drought","C16","CPCRW","upland","forced","30 day",2,"CPCRW_30d_up_FAD_r2"
"16",2019-07-29 18:46:42,7,49.770235991,486.59495431,51,"drought","C16","CPCRW","upland","forced","30 day",2,"CPCRW_30d_up_FAD_r2"
"16",2019-07-29 18:47:33,7,49.770235991,513.8070842,102,"drought","C16","CPCRW","upland","forced","30 day",2,"CPCRW_30d_up_FAD_r2"
"16",2019-07-29 19:41:13,7,49.770235991,495.39772705,0,"drought","C16","CPCRW","upland","forced","30 day",2,"CPCRW_30d_up_FAD_r2"
"16",2019-07-29 22:09:08,7,49.696885816,485.27200505,0,"drought","C16","CPCRW","upland","forced","30 day",2,"CPCRW_30d_up_FAD_r2"
"16",2019-07-29 22:09:57,7,49.696885816,528.92189834,49,"drought","C16","CPCRW","upland","forced","30 day",2,"CPCRW_30d_up_FAD_r2"
"16",2019-07-29 20:55:09,7,49.770235991,510.11861851,0,"drought","C16","CPCRW","upland","forced","30 day",2,"CPCRW_30d_up_FAD_r2"
"16",2019-07-29 20:55:59,7,49.770235991,547.18325151,50,"drought","C16","CPCRW","upland","forced","30 day",2,"CPCRW_30d_up_FAD_r2"
"16",2019-07-29 20:56:49,7,49.770235991,587.34470661,100,"drought","C16","CPCRW","upland","forced","30 day",2,"CPCRW_30d_up_FAD_r2"
"16",2019-07-29 19:42:03,7,49.770235991,547.54926496,50,"drought","C16","CPCRW","upland","forced","30 day",2,"CPCRW_30d_up_FAD_r2"
"18",2019-07-23 15:24:05,3,51.055614243,464.78729104,51984,"drought","C18","CPCRW","upland","forced","90 day",3,"CPCRW_90d_up_FAD_r3"
"18",2019-07-23 15:23:14,3,51.055614243,463.68064165,51933,"drought","C18","CPCRW","upland","forced","90 day",3,"CPCRW_90d_up_FAD_r3"
"18",2019-07-23 15:16:31,3,51.055614243,457.30869561,51530,"drought","C18","CPCRW","upland","forced","90 day",3,"CPCRW_90d_up_FAD_r3"
"18",2019-07-23 15:24:56,3,51.055614243,464.51712508,52035,"drought","C18","CPCRW","upland","forced","90 day",3,"CPCRW_90d_up_FAD_r3"
"18",2019-07-23 15:19:03,3,51.055614243,456.77492988,51682,"drought","C18","CPCRW","upland","forced","90 day",3,"CPCRW_90d_up_FAD_r3"
"18",2019-07-23 15:19:53,3,51.055614243,456.59086198,51732,"drought","C18","CPCRW","upland","forced","90 day",3,"CPCRW_90d_up_FAD_r3"
"18",2019-07-23 15:20:44,3,51.055614243,459.71956718,51783,"drought","C18","CPCRW","upland","forced","90 day",3,"CPCRW_90d_up_FAD_r3"
"18",2019-07-23 15:21:35,3,51.055614243,463.06698156,51834,"drought","C18","CPCRW","upland","forced","90 day",3,"CPCRW_90d_up_FAD_r3"
"18",2019-07-23 15:22:25,3,51.055614243,462.87222978,51884,"drought","C18","CPCRW","upland","forced","90 day",3,"CPCRW_90d_up_FAD_r3"
"18",2019-07-23 15:11:31,3,51.055614243,458.31448971,51230,"drought","C18","CPCRW","upland","forced","90 day",3,"CPCRW_90d_up_FAD_r3"
"18",2019-07-23 15:12:21,3,51.055614243,458.15912861,51280,"drought","C18","CPCRW","upland","forced","90 day",3,"CPCRW_90d_up_FAD_r3"
"18",2019-07-23 15:13:09,3,51.055614243,458.00670379,51328,"drought","C18","CPCRW","upland","forced","90 day",3,"CPCRW_90d_up_FAD_r3"
"18",2019-07-23 15:25:46,3,51.055614243,463.94946271,52085,"drought","C18","CPCRW","upland","forced","90 day",3,"CPCRW_90d_up_FAD_r3"
"18",2019-07-23 15:15:41,3,51.055614243,457.50944535,51480,"drought","C18","CPCRW","upland","forced","90 day",3,"CPCRW_90d_up_FAD_r3"
"18",2019-07-23 15:49:15,3,51.055614243,455.05960131,53494,"drought","C18","CPCRW","upland","forced","90 day",3,"CPCRW_90d_up_FAD_r3"
"18",2019-07-23 15:17:22,3,51.055614243,457.12903726,51581,"drought","C18","CPCRW","upland","forced","90 day",3,"CPCRW_90d_up_FAD_r3"
"18",2019-07-23 15:18:14,3,51.055614243,456.93561726,51633,"drought","C18","CPCRW","upland","forced","90 day",3,"CPCRW_90d_up_FAD_r3"
"18",2019-07-23 15:51:46,3,51.055614243,454.5301413,53645,"drought","C18","CPCRW","upland","forced","90 day",3,"CPCRW_90d_up_FAD_r3"
"18",2019-07-23 15:52:37,3,51.055614243,454.34609826,53696,"drought","C18","CPCRW","upland","forced","90 day",3,"CPCRW_90d_up_FAD_r3"
"18",2019-07-23 15:53:26,3,51.055614243,454.10440553,53745,"drought","C18","CPCRW","upland","forced","90 day",3,"CPCRW_90d_up_FAD_r3"
"18",2019-07-23 15:54:17,3,51.055614243,453.86915307,53796,"drought","C18","CPCRW","upland","forced","90 day",3,"CPCRW_90d_up_FAD_r3"
"18",2019-07-23 15:55:08,3,51.055614243,453.65587591,53847,"drought","C18","CPCRW","upland","forced","90 day",3,"CPCRW_90d_up_FAD_r3"
"18",2019-07-23 15:55:57,3,51.055614243,453.4663993,53896,"drought","C18","CPCRW","upland","forced","90 day",3,"CPCRW_90d_up_FAD_r3"
"18",2019-07-23 15:56:48,3,51.055614243,453.28145424,53947,"drought","C18","CPCRW","upland","forced","90 day",3,"CPCRW_90d_up_FAD_r3"
"18",2019-07-23 15:57:38,3,51.055614243,458.21635015,53997,"drought","C18","CPCRW","upland","forced","90 day",3,"CPCRW_90d_up_FAD_r3"
"18",2019-07-23 15:14:01,3,51.055614243,457.84471039,51380,"drought","C18","CPCRW","upland","forced","90 day",3,"CPCRW_90d_up_FAD_r3"
"18",2019-07-23 15:14:52,3,51.055614243,457.69157746,51431,"drought","C18","CPCRW","upland","forced","90 day",3,"CPCRW_90d_up_FAD_r3"
"18",2019-07-23 15:26:36,3,51.055614243,463.41704458,52135,"drought","C18","CPCRW","upland","forced","90 day",3,"CPCRW_90d_up_FAD_r3"
"18",2019-07-23 15:50:04,3,51.055614243,454.88906304,53543,"drought","C18","CPCRW","upland","forced","90 day",3,"CPCRW_90d_up_FAD_r3"
"18",2019-07-23 15:50:55,3,51.055614243,454.70932766,53594,"drought","C18","CPCRW","upland","forced","90 day",3,"CPCRW_90d_up_FAD_r3"
"18",2019-07-23 15:29:07,3,51.055614243,461.93161692,52286,"drought","C18","CPCRW","upland","forced","90 day",3,"CPCRW_90d_up_FAD_r3"
"18",2019-07-23 15:29:57,3,51.055614243,461.4255279,52336,"drought","C18","CPCRW","upland","forced","90 day",3,"CPCRW_90d_up_FAD_r3"
"18",2019-07-23 15:30:49,3,51.055614243,461.01240248,52388,"drought","C18","CPCRW","upland","forced","90 day",3,"CPCRW_90d_up_FAD_r3"
"18",2019-07-23 15:31:40,3,51.055614243,460.59030046,52439,"drought","C18","CPCRW","upland","forced","90 day",3,"CPCRW_90d_up_FAD_r3"
"18",2019-07-23 15:32:29,3,51.055614243,460.15216574,52488,"drought","C18","CPCRW","upland","forced","90 day",3,"CPCRW_90d_up_FAD_r3"
"18",2019-07-23 15:33:19,3,51.055614243,459.76180378,52538,"drought","C18","CPCRW","upland","forced","90 day",3,"CPCRW_90d_up_FAD_r3"
"18",2019-07-23 15:34:09,3,51.055614243,459.42413913,52588,"drought","C18","CPCRW","upland","forced","90 day",3,"CPCRW_90d_up_FAD_r3"
"18",2019-07-23 15:35:01,3,51.055614243,459.11727081,52640,"drought","C18","CPCRW","upland","forced","90 day",3,"CPCRW_90d_up_FAD_r3"
"18",2019-07-23 15:58:29,3,51.055614243,475.36219931,54048,"drought","C18","CPCRW","upland","forced","90 day",3,"CPCRW_90d_up_FAD_r3"
"18",2019-07-23 15:59:19,3,51.055614243,533.2481173,54098,"drought","C18","CPCRW","upland","forced","90 day",3,"CPCRW_90d_up_FAD_r3"
"18",2019-07-23 15:37:31,3,51.055614243,458.37053657,52790,"drought","C18","CPCRW","upland","forced","90 day",3,"CPCRW_90d_up_FAD_r3"
"18",2019-07-23 15:27:27,3,51.055614243,462.94420393,52186,"drought","C18","CPCRW","upland","forced","90 day",3,"CPCRW_90d_up_FAD_r3"
"18",2019-07-23 15:28:18,3,51.055614243,462.46794906,52237,"drought","C18","CPCRW","upland","forced","90 day",3,"CPCRW_90d_up_FAD_r3"
"18",2019-07-23 15:40:01,3,51.055614243,457.6670611,52940,"drought","C18","CPCRW","upland","forced","90 day",3,"CPCRW_90d_up_FAD_r3"
"18",2019-07-23 15:40:52,3,51.055614243,457.49153798,52991,"drought","C18","CPCRW","upland","forced","90 day",3,"CPCRW_90d_up_FAD_r3"
"18",2019-07-23 15:41:43,3,51.055614243,457.30649861,53042,"drought","C18","CPCRW","upland","forced","90 day",3,"CPCRW_90d_up_FAD_r3"
"18",2019-07-23 15:42:32,3,51.055614243,457.09107989,53091,"drought","C18","CPCRW","upland","forced","90 day",3,"CPCRW_90d_up_FAD_r3"
"18",2019-07-23 15:43:21,3,51.055614243,456.8322078,53140,"drought","C18","CPCRW","upland","forced","90 day",3,"CPCRW_90d_up_FAD_r3"
"18",2019-07-23 15:44:13,3,51.055614243,456.5627938,53192,"drought","C18","CPCRW","upland","forced","90 day",3,"CPCRW_90d_up_FAD_r3"
"18",2019-07-23 15:45:04,3,51.055614243,456.28840334,53243,"drought","C18","CPCRW","upland","forced","90 day",3,"CPCRW_90d_up_FAD_r3"
"18",2019-07-23 15:45:54,3,51.055614243,456.03478235,53293,"drought","C18","CPCRW","upland","forced","90 day",3,"CPCRW_90d_up_FAD_r3"
"18",2019-07-23 15:46:43,3,51.055614243,455.7510944,53342,"drought","C18","CPCRW","upland","forced","90 day",3,"CPCRW_90d_up_FAD_r3"
"18",2019-07-23 15:47:35,3,51.055614243,455.44496638,53394,"drought","C18","CPCRW","upland","forced","90 day",3,"CPCRW_90d_up_FAD_r3"
"18",2019-07-23 15:48:25,3,51.055614243,455.23495149,53444,"drought","C18","CPCRW","upland","forced","90 day",3,"CPCRW_90d_up_FAD_r3"
"18",2019-07-29 20:54:18,6,49.770235991,505.68348241,101,"drought","C18","CPCRW","upland","forced","90 day",3,"CPCRW_90d_up_FAD_r3"
"18",2019-07-29 22:06:36,6,49.696885816,495.96970286,0,"drought","C18","CPCRW","upland","forced","90 day",3,"CPCRW_90d_up_FAD_r3"
"18",2019-07-29 22:07:27,6,49.696885816,511.06723925,51,"drought","C18","CPCRW","upland","forced","90 day",3,"CPCRW_90d_up_FAD_r3"
"18",2019-07-29 18:43:20,6,49.770235991,505.74048811,0,"drought","C18","CPCRW","upland","forced","90 day",3,"CPCRW_90d_up_FAD_r3"
"18",2019-07-29 17:51:15,6,49.765611498,500.17000576,0,"drought","C18","CPCRW","upland","forced","90 day",3,"CPCRW_90d_up_FAD_r3"
"18",2019-07-29 17:52:04,6,49.765611498,494.23927716,49,"drought","C18","CPCRW","upland","forced","90 day",3,"CPCRW_90d_up_FAD_r3"
"18",2019-07-29 17:52:53,6,49.765611498,485.81346389,98,"drought","C18","CPCRW","upland","forced","90 day",3,"CPCRW_90d_up_FAD_r3"
"18",2019-07-23 15:35:51,3,51.055614243,458.82301181,52690,"drought","C18","CPCRW","upland","forced","90 day",3,"CPCRW_90d_up_FAD_r3"
"18",2019-07-29 18:44:11,6,49.770235991,487.97680374,51,"drought","C18","CPCRW","upland","forced","90 day",3,"CPCRW_90d_up_FAD_r3"
"18",2019-07-23 15:10:40,3,51.055614243,458.48451188,51179,"drought","C18","CPCRW","upland","forced","90 day",3,"CPCRW_90d_up_FAD_r3"
"18",2019-07-29 19:38:40,6,49.770235991,512.04264793,0,"drought","C18","CPCRW","upland","forced","90 day",3,"CPCRW_90d_up_FAD_r3"
"18",2019-07-23 15:39:12,3,51.055614243,457.89965952,52891,"drought","C18","CPCRW","upland","forced","90 day",3,"CPCRW_90d_up_FAD_r3"
"18",2019-07-23 15:36:40,3,51.055614243,458.5835511,52739,"drought","C18","CPCRW","upland","forced","90 day",3,"CPCRW_90d_up_FAD_r3"
"18",2019-07-23 16:15:13,3,51.055614243,480.74980478,0,"drought","C18","CPCRW","upland","forced","90 day",3,"CPCRW_90d_up_FAD_r3"
"18",2019-07-23 16:16:05,3,51.055614243,481.21162973,52,"drought","C18","CPCRW","upland","forced","90 day",3,"CPCRW_90d_up_FAD_r3"
"18",2019-07-29 18:45:01,6,49.770235991,501.48536546,101,"drought","C18","CPCRW","upland","forced","90 day",3,"CPCRW_90d_up_FAD_r3"
"18",2019-07-29 19:39:31,6,49.770235991,524.917017,51,"drought","C18","CPCRW","upland","forced","90 day",3,"CPCRW_90d_up_FAD_r3"
"18",2019-07-29 20:52:37,6,49.770235991,510.93319105,0,"drought","C18","CPCRW","upland","forced","90 day",3,"CPCRW_90d_up_FAD_r3"
"18",2019-07-29 20:53:27,6,49.770235991,499.01342039,50,"drought","C18","CPCRW","upland","forced","90 day",3,"CPCRW_90d_up_FAD_r3"
"18",2019-07-23 15:38:22,3,51.055614243,458.14692853,52841,"drought","C18","CPCRW","upland","forced","90 day",3,"CPCRW_90d_up_FAD_r3"
"2",2019-07-29 15:31:02,2,50.374694726,486.32150877,193,"drought","C2","CPCRW","upland","constant weight","1000 day",3,"CPCRW_1000d_up_CW_r3"
"2",2019-07-29 15:30:13,2,50.374694726,486.8205205,144,"drought","C2","CPCRW","upland","constant weight","1000 day",3,"CPCRW_1000d_up_CW_r3"
"2",2019-07-29 15:50:42,2,50.374694726,477.69444504,0,"drought","C2","CPCRW","upland","constant weight","1000 day",3,"CPCRW_1000d_up_CW_r3"
"2",2019-07-29 15:29:29,2,50.374694726,487.77842673,100,"drought","C2","CPCRW","upland","constant weight","1000 day",3,"CPCRW_1000d_up_CW_r3"
"2",2019-07-29 15:53:07,2,50.374694726,479.68779948,145,"drought","C2","CPCRW","upland","constant weight","1000 day",3,"CPCRW_1000d_up_CW_r3"
"2",2019-07-29 15:53:56,2,50.374694726,479.41234374,194,"drought","C2","CPCRW","upland","constant weight","1000 day",3,"CPCRW_1000d_up_CW_r3"
"2",2019-07-29 15:52:19,2,50.374694726,482.26879199,97,"drought","C2","CPCRW","upland","constant weight","1000 day",3,"CPCRW_1000d_up_CW_r3"
"2",2019-07-29 16:17:43,2,50.374694726,527.32604819,51,"drought","C2","CPCRW","upland","constant weight","1000 day",3,"CPCRW_1000d_up_CW_r3"
"2",2019-07-29 16:18:33,2,50.374694726,554.73138039,101,"drought","C2","CPCRW","upland","constant weight","1000 day",3,"CPCRW_1000d_up_CW_r3"
"2",2019-07-29 15:51:30,2,50.374694726,481.07800926,48,"drought","C2","CPCRW","upland","constant weight","1000 day",3,"CPCRW_1000d_up_CW_r3"
"2",2019-07-29 16:16:52,2,50.374694726,506.19469194,0,"drought","C2","CPCRW","upland","constant weight","1000 day",3,"CPCRW_1000d_up_CW_r3"
"2",2019-07-29 15:28:39,2,50.374694726,488.05961062,50,"drought","C2","CPCRW","upland","constant weight","1000 day",3,"CPCRW_1000d_up_CW_r3"
"2",2019-07-29 15:27:49,2,50.374694726,486.85097326,0,"drought","C2","CPCRW","upland","constant weight","1000 day",3,"CPCRW_1000d_up_CW_r3"
"26",2019-07-23 16:11:04,1,51.055614243,488.15579082,51,"drought","C26","CPCRW","upland","constant weight","150 day",3,"CPCRW_150d_up_CW_r3"
"26",2019-07-29 23:47:52,2,156.63673542,502.78976466,51,"drought","C26","CPCRW","upland","constant weight","150 day",3,"CPCRW_150d_up_CW_r3"
"26",2019-07-23 16:10:13,1,51.055614243,490.20344965,0,"drought","C26","CPCRW","upland","constant weight","150 day",3,"CPCRW_150d_up_CW_r3"
"26",2019-07-29 23:47:01,2,156.63673542,503.68008682,0,"drought","C26","CPCRW","upland","constant weight","150 day",3,"CPCRW_150d_up_CW_r3"
"27",2019-07-29 19:00:05,12,49.770235991,558.62558939,100,"drought","C27","CPCRW","upland","forced","30 day",3,"CPCRW_30d_up_FAD_r3"
"27",2019-07-29 20:16:28,12,49.770235991,495.08777222,0,"drought","C27","CPCRW","upland","forced","30 day",3,"CPCRW_30d_up_FAD_r3"
"27",2019-07-29 20:17:19,12,49.770235991,480.89779751,51,"drought","C27","CPCRW","upland","forced","30 day",3,"CPCRW_30d_up_FAD_r3"
"27",2019-07-29 21:07:38,12,49.770235991,544.48162275,0,"drought","C27","CPCRW","upland","forced","30 day",3,"CPCRW_30d_up_FAD_r3"
"27",2019-07-29 21:08:28,12,49.770235991,522.22184075,50,"drought","C27","CPCRW","upland","forced","30 day",3,"CPCRW_30d_up_FAD_r3"
"27",2019-07-29 21:09:18,12,49.770235991,519.97627737,100,"drought","C27","CPCRW","upland","forced","30 day",3,"CPCRW_30d_up_FAD_r3"
"27",2019-07-29 22:21:41,12,49.696885816,484.07117398,0,"drought","C27","CPCRW","upland","forced","30 day",3,"CPCRW_30d_up_FAD_r3"
"27",2019-07-29 22:22:29,12,49.696885816,500.2063985,48,"drought","C27","CPCRW","upland","forced","30 day",3,"CPCRW_30d_up_FAD_r3"
"27",2019-07-29 18:06:24,12,49.765611498,464.82581617,0,"drought","C27","CPCRW","upland","forced","30 day",3,"CPCRW_30d_up_FAD_r3"
"27",2019-07-29 18:07:12,12,49.765611498,459.00627958,48,"drought","C27","CPCRW","upland","forced","30 day",3,"CPCRW_30d_up_FAD_r3"
"27",2019-07-29 18:08:00,12,49.765611498,454.14797607,96,"drought","C27","CPCRW","upland","forced","30 day",3,"CPCRW_30d_up_FAD_r3"
"27",2019-07-29 18:58:25,12,49.770235991,536.10349799,0,"drought","C27","CPCRW","upland","forced","30 day",3,"CPCRW_30d_up_FAD_r3"
"27",2019-07-29 18:59:14,12,49.770235991,541.07712014,49,"drought","C27","CPCRW","upland","forced","30 day",3,"CPCRW_30d_up_FAD_r3"
"28",2019-07-22 21:20:55,2,47.244855948,579.47237708,0,"drought","C28","CPCRW","upland","constant weight","150 day",1,"CPCRW_150d_up_CW_r1"
"28",2019-07-22 21:21:47,2,47.244855948,547.5750662,52,"drought","C28","CPCRW","upland","constant weight","150 day",1,"CPCRW_150d_up_CW_r1"
"28",2019-07-22 21:22:38,2,47.244855948,565.16743362,103,"drought","C28","CPCRW","upland","constant weight","150 day",1,"CPCRW_150d_up_CW_r1"
"28",2019-07-29 16:29:52,7,49.284918142,469.23936682,0,"drought","C28","CPCRW","upland","constant weight","150 day",1,"CPCRW_150d_up_CW_r1"
"31",2019-07-22 21:33:32,7,47.244855948,484.29917737,0,"drought","C31","CPCRW","upland","constant weight","1000 day",1,"CPCRW_1000d_up_CW_r1"
"31",2019-07-22 21:34:22,7,47.244855948,483.89996713,50,"drought","C31","CPCRW","upland","constant weight","1000 day",1,"CPCRW_1000d_up_CW_r1"
"31",2019-07-22 21:35:13,7,47.244855948,498.24853223,101,"drought","C31","CPCRW","upland","constant weight","1000 day",1,"CPCRW_1000d_up_CW_r1"
"31",2019-07-22 21:36:51,7,47.244855948,497.6852342,199,"drought","C31","CPCRW","upland","constant weight","1000 day",1,"CPCRW_1000d_up_CW_r1"
"31",2019-07-22 21:37:41,7,47.244855948,496.48977263,249,"drought","C31","CPCRW","upland","constant weight","1000 day",1,"CPCRW_1000d_up_CW_r1"
"31",2019-07-22 21:38:33,7,47.244855948,495.14369678,301,"drought","C31","CPCRW","upland","constant weight","1000 day",1,"CPCRW_1000d_up_CW_r1"
"31",2019-07-22 21:36:02,7,47.244855948,505.41574628,150,"drought","C31","CPCRW","upland","constant weight","1000 day",1,"CPCRW_1000d_up_CW_r1"
"31",2019-07-22 21:40:14,7,47.244855948,492.34157574,402,"drought","C31","CPCRW","upland","constant weight","1000 day",1,"CPCRW_1000d_up_CW_r1"
"31",2019-07-22 21:41:04,7,47.244855948,508.24759672,452,"drought","C31","CPCRW","upland","constant weight","1000 day",1,"CPCRW_1000d_up_CW_r1"
"31",2019-07-22 21:39:24,7,47.244855948,493.74057064,352,"drought","C31","CPCRW","upland","constant weight","1000 day",1,"CPCRW_1000d_up_CW_r1"
"33",2019-07-29 23:49:30,3,156.63673542,493.70956177,0,"drought","C33","CPCRW","upland","forced","150 day",1,"CPCRW_150d_up_FAD_r1"
"33",2019-07-23 16:28:44,8,51.055614243,446.9723275,51,"drought","C33","CPCRW","upland","forced","150 day",1,"CPCRW_150d_up_FAD_r1"
"33",2019-07-23 16:27:53,8,51.055614243,427.84326882,0,"drought","C33","CPCRW","upland","forced","150 day",1,"CPCRW_150d_up_FAD_r1"
"36",2019-07-29 16:44:45,13,49.734407775,476.68047147,0,"drought","C36","CPCRW","upland","forced","1000 day",2,"CPCRW_1000d_up_FAD_r2"
"36",2019-07-29 16:45:31,13,49.734407775,513.59823895,46,"drought","C36","CPCRW","upland","forced","1000 day",2,"CPCRW_1000d_up_FAD_r2"
"38",2019-07-22 21:31:01,6,47.244855948,481.44452296,0,"drought","C38","CPCRW","upland","constant weight","1000 day",2,"CPCRW_1000d_up_CW_r2"
"38",2019-07-22 21:31:52,6,47.244855948,483.99884116,51,"drought","C38","CPCRW","upland","constant weight","1000 day",2,"CPCRW_1000d_up_CW_r2"
"38",2019-07-22 21:32:43,6,47.244855948,485.63114427,102,"drought","C38","CPCRW","upland","constant weight","1000 day",2,"CPCRW_1000d_up_CW_r2"
"4",2019-07-22 20:58:15,15,47.244855948,536.5686595,0,"drought","C4","CPCRW","upland","constant weight","150 day",4,"CPCRW_150d_up_CW_r4"
"4",2019-07-22 20:59:56,15,47.244855948,743.1038668,101,"drought","C4","CPCRW","upland","constant weight","150 day",4,"CPCRW_150d_up_CW_r4"
"4",2019-07-29 16:23:30,4,50.374694726,524.40004426,98,"drought","C4","CPCRW","upland","constant weight","150 day",4,"CPCRW_150d_up_CW_r4"
"4",2019-07-29 16:21:52,4,50.374694726,543.72523912,0,"drought","C4","CPCRW","upland","constant weight","150 day",4,"CPCRW_150d_up_CW_r4"
"4",2019-07-22 20:59:06,15,47.244855948,687.26374196,51,"drought","C4","CPCRW","upland","constant weight","150 day",4,"CPCRW_150d_up_CW_r4"
"4",2019-07-29 16:22:40,4,50.374694726,530.57975047,48,"drought","C4","CPCRW","upland","constant weight","150 day",4,"CPCRW_150d_up_CW_r4"
"40",2019-07-29 19:48:47,10,49.770235991,489.67438485,0,"drought","C40","CPCRW","upland","forced","1000 day",1,"CPCRW_1000d_up_FAD_r1"
"40",2019-07-29 19:49:36,10,49.770235991,589.11799461,49,"drought","C40","CPCRW","upland","forced","1000 day",1,"CPCRW_1000d_up_FAD_r1"
"40",2019-07-29 18:54:13,10,49.770235991,475.81163406,51,"drought","C40","CPCRW","upland","forced","1000 day",1,"CPCRW_1000d_up_FAD_r1"
"40",2019-07-29 18:55:03,10,49.770235991,475.31750359,101,"drought","C40","CPCRW","upland","forced","1000 day",1,"CPCRW_1000d_up_FAD_r1"
"40",2019-07-29 19:52:07,10,49.770235991,513.7881497,200,"drought","C40","CPCRW","upland","forced","1000 day",1,"CPCRW_1000d_up_FAD_r1"
"40",2019-07-29 19:52:57,10,49.770235991,504.73662013,250,"drought","C40","CPCRW","upland","forced","1000 day",1,"CPCRW_1000d_up_FAD_r1"
"40",2019-07-29 19:50:27,10,49.770235991,631.83216436,100,"drought","C40","CPCRW","upland","forced","1000 day",1,"CPCRW_1000d_up_FAD_r1"
"40",2019-07-29 19:51:18,10,49.770235991,534.2966734,151,"drought","C40","CPCRW","upland","forced","1000 day",1,"CPCRW_1000d_up_FAD_r1"
"40",2019-07-29 18:01:37,10,49.765611498,453.92518901,0,"drought","C40","CPCRW","upland","forced","1000 day",1,"CPCRW_1000d_up_FAD_r1"
"40",2019-07-29 18:02:25,10,49.765611498,471.28991847,48,"drought","C40","CPCRW","upland","forced","1000 day",1,"CPCRW_1000d_up_FAD_r1"
"40",2019-07-29 18:53:22,10,49.770235991,479.43236654,0,"drought","C40","CPCRW","upland","forced","1000 day",1,"CPCRW_1000d_up_FAD_r1"
"40",2019-07-29 19:58:02,10,49.770235991,487.75726332,555,"drought","C40","CPCRW","upland","forced","1000 day",1,"CPCRW_1000d_up_FAD_r1"
"40",2019-07-29 19:58:52,10,49.770235991,486.56575297,605,"drought","C40","CPCRW","upland","forced","1000 day",1,"CPCRW_1000d_up_FAD_r1"
"40",2019-07-29 19:59:42,10,49.770235991,485.35252604,655,"drought","C40","CPCRW","upland","forced","1000 day",1,"CPCRW_1000d_up_FAD_r1"
"40",2019-07-29 20:00:32,10,49.770235991,484.41877006,705,"drought","C40","CPCRW","upland","forced","1000 day",1,"CPCRW_1000d_up_FAD_r1"
"40",2019-07-29 20:01:22,10,49.770235991,483.84337303,755,"drought","C40","CPCRW","upland","forced","1000 day",1,"CPCRW_1000d_up_FAD_r1"
"40",2019-07-29 20:02:12,10,49.770235991,483.18956744,805,"drought","C40","CPCRW","upland","forced","1000 day",1,"CPCRW_1000d_up_FAD_r1"
"40",2019-07-29 20:03:01,10,49.770235991,482.47492122,854,"drought","C40","CPCRW","upland","forced","1000 day",1,"CPCRW_1000d_up_FAD_r1"
"40",2019-07-29 20:03:52,10,49.770235991,481.86069116,905,"drought","C40","CPCRW","upland","forced","1000 day",1,"CPCRW_1000d_up_FAD_r1"
"40",2019-07-29 19:53:48,10,49.770235991,499.44068974,301,"drought","C40","CPCRW","upland","forced","1000 day",1,"CPCRW_1000d_up_FAD_r1"
"40",2019-07-29 19:54:39,10,49.770235991,495.80928134,352,"drought","C40","CPCRW","upland","forced","1000 day",1,"CPCRW_1000d_up_FAD_r1"
"40",2019-07-29 19:55:29,10,49.770235991,493.03638082,402,"drought","C40","CPCRW","upland","forced","1000 day",1,"CPCRW_1000d_up_FAD_r1"
"40",2019-07-29 19:56:19,10,49.770235991,490.79907764,452,"drought","C40","CPCRW","upland","forced","1000 day",1,"CPCRW_1000d_up_FAD_r1"
"40",2019-07-29 19:57:11,10,49.770235991,489.06536334,504,"drought","C40","CPCRW","upland","forced","1000 day",1,"CPCRW_1000d_up_FAD_r1"
"40",2019-07-29 20:08:55,10,49.770235991,481.10590992,1208,"drought","C40","CPCRW","upland","forced","1000 day",1,"CPCRW_1000d_up_FAD_r1"
"40",2019-07-29 20:09:45,10,49.770235991,481.53064347,1258,"drought","C40","CPCRW","upland","forced","1000 day",1,"CPCRW_1000d_up_FAD_r1"
"40",2019-07-29 20:10:36,10,49.770235991,481.90593296,1309,"drought","C40","CPCRW","upland","forced","1000 day",1,"CPCRW_1000d_up_FAD_r1"
"40",2019-07-29 20:11:28,10,49.770235991,482.41595253,1361,"drought","C40","CPCRW","upland","forced","1000 day",1,"CPCRW_1000d_up_FAD_r1"
"40",2019-07-29 20:12:18,10,49.770235991,483.39959207,1411,"drought","C40","CPCRW","upland","forced","1000 day",1,"CPCRW_1000d_up_FAD_r1"
"40",2019-07-29 21:02:36,10,49.770235991,521.26372719,0,"drought","C40","CPCRW","upland","forced","1000 day",1,"CPCRW_1000d_up_FAD_r1"
"40",2019-07-29 21:03:25,10,49.770235991,507.08135658,49,"drought","C40","CPCRW","upland","forced","1000 day",1,"CPCRW_1000d_up_FAD_r1"
"40",2019-07-29 21:04:16,10,49.770235991,532.6263143,100,"drought","C40","CPCRW","upland","forced","1000 day",1,"CPCRW_1000d_up_FAD_r1"
"40",2019-07-29 22:16:41,10,49.696885816,500.22789598,0,"drought","C40","CPCRW","upland","forced","1000 day",1,"CPCRW_1000d_up_FAD_r1"
"40",2019-07-29 22:17:33,10,49.696885816,518.3522699,52,"drought","C40","CPCRW","upland","forced","1000 day",1,"CPCRW_1000d_up_FAD_r1"
"40",2019-07-29 20:05:33,10,49.770235991,480.99758358,1006,"drought","C40","CPCRW","upland","forced","1000 day",1,"CPCRW_1000d_up_FAD_r1"
"40",2019-07-29 20:06:23,10,49.770235991,480.80281867,1056,"drought","C40","CPCRW","upland","forced","1000 day",1,"CPCRW_1000d_up_FAD_r1"
"40",2019-07-29 20:07:15,10,49.770235991,480.68456548,1108,"drought","C40","CPCRW","upland","forced","1000 day",1,"CPCRW_1000d_up_FAD_r1"
"40",2019-07-29 20:08:06,10,49.770235991,480.77847793,1159,"drought","C40","CPCRW","upland","forced","1000 day",1,"CPCRW_1000d_up_FAD_r1"
"40",2019-07-29 20:04:43,10,49.770235991,481.34190133,956,"drought","C40","CPCRW","upland","forced","1000 day",1,"CPCRW_1000d_up_FAD_r1"
"42",2019-07-29 20:19:00,13,49.770235991,484.9299527,0,"drought","C42","CPCRW","lowland","forced","1000 day",2,"CPCRW_1000d_low_FAD_r2"
"42",2019-07-29 21:10:09,13,49.770235991,508.31947124,0,"drought","C42","CPCRW","lowland","forced","1000 day",2,"CPCRW_1000d_low_FAD_r2"
"42",2019-07-29 21:11:51,13,49.770235991,561.2865713,102,"drought","C42","CPCRW","lowland","forced","1000 day",2,"CPCRW_1000d_low_FAD_r2"
"42",2019-07-29 22:24:53,13,49.696885816,592.16161986,50,"drought","C42","CPCRW","lowland","forced","1000 day",2,"CPCRW_1000d_low_FAD_r2"
"42",2019-07-29 21:11:00,13,49.770235991,543.26670847,51,"drought","C42","CPCRW","lowland","forced","1000 day",2,"CPCRW_1000d_low_FAD_r2"
"42",2019-07-29 18:08:49,13,49.765611498,456.11315226,0,"drought","C42","CPCRW","lowland","forced","1000 day",2,"CPCRW_1000d_low_FAD_r2"
"42",2019-07-29 20:19:51,13,49.770235991,531.55063006,51,"drought","C42","CPCRW","lowland","forced","1000 day",2,"CPCRW_1000d_low_FAD_r2"
"42",2019-07-29 19:01:47,13,49.770235991,551.34324981,50,"drought","C42","CPCRW","lowland","forced","1000 day",2,"CPCRW_1000d_low_FAD_r2"
"42",2019-07-29 19:02:36,13,49.770235991,559.83864285,99,"drought","C42","CPCRW","lowland","forced","1000 day",2,"CPCRW_1000d_low_FAD_r2"
"42",2019-07-23 16:11:04,1,51.055614243,488.15579082,51,"drought","C42","CPCRW","lowland","forced","1000 day",2,"CPCRW_1000d_low_FAD_r2"
"42",2019-07-29 18:09:38,13,49.765611498,467.72896845,49,"drought","C42","CPCRW","lowland","forced","1000 day",2,"CPCRW_1000d_low_FAD_r2"
"42",2019-07-29 19:00:57,13,49.770235991,530.43746138,0,"drought","C42","CPCRW","lowland","forced","1000 day",2,"CPCRW_1000d_low_FAD_r2"
"42",2019-07-29 22:24:03,13,49.696885816,500.00162524,0,"drought","C42","CPCRW","lowland","forced","1000 day",2,"CPCRW_1000d_low_FAD_r2"
"42",2019-07-23 16:10:13,1,51.055614243,490.20344965,0,"drought","C42","CPCRW","lowland","forced","1000 day",2,"CPCRW_1000d_low_FAD_r2"
"42",2019-07-29 18:10:27,13,49.765611498,473.17002346,98,"drought","C42","CPCRW","lowland","forced","1000 day",2,"CPCRW_1000d_low_FAD_r2"
"44",2019-07-22 23:06:14,8,47.435833363,466.19124414,585,"drought","C44","CPCRW","lowland","forced","30 day",3,"CPCRW_30d_low_FAD_r3"
"44",2019-07-22 23:07:02,8,48.738712178,466.23434723,633,"drought","C44","CPCRW","lowland","forced","30 day",3,"CPCRW_30d_low_FAD_r3"
"44",2019-07-22 23:33:05,8,48.738712178,549.61903151,2196,"drought","C44","CPCRW","lowland","forced","30 day",3,"CPCRW_30d_low_FAD_r3"
"44",2019-07-22 23:08:44,8,48.738712178,466.66276996,735,"drought","C44","CPCRW","lowland","forced","30 day",3,"CPCRW_30d_low_FAD_r3"
"44",2019-07-22 23:09:34,8,48.738712178,467.20485858,785,"drought","C44","CPCRW","lowland","forced","30 day",3,"CPCRW_30d_low_FAD_r3"
"44",2019-07-22 23:35:38,8,48.738712178,540.46433077,2349,"drought","C44","CPCRW","lowland","forced","30 day",3,"CPCRW_30d_low_FAD_r3"
"44",2019-07-22 23:36:28,8,48.738712178,537.39403151,2399,"drought","C44","CPCRW","lowland","forced","30 day",3,"CPCRW_30d_low_FAD_r3"
"44",2019-07-22 23:37:16,8,48.738712178,534.47813683,2447,"drought","C44","CPCRW","lowland","forced","30 day",3,"CPCRW_30d_low_FAD_r3"
"44",2019-07-22 23:38:07,8,48.738712178,531.88695803,2498,"drought","C44","CPCRW","lowland","forced","30 day",3,"CPCRW_30d_low_FAD_r3"
"44",2019-07-22 23:38:58,8,48.738712178,529.74181252,2549,"drought","C44","CPCRW","lowland","forced","30 day",3,"CPCRW_30d_low_FAD_r3"
"44",2019-07-22 23:39:48,8,48.738712178,527.78588862,2599,"drought","C44","CPCRW","lowland","forced","30 day",3,"CPCRW_30d_low_FAD_r3"
"44",2019-07-22 23:07:53,8,48.738712178,466.38878108,684,"drought","C44","CPCRW","lowland","forced","30 day",3,"CPCRW_30d_low_FAD_r3"
"44",2019-07-22 23:40:40,8,48.611114453,522.1630571,2651,"drought","C44","CPCRW","lowland","forced","30 day",3,"CPCRW_30d_low_FAD_r3"
"44",2019-07-22 23:41:14,8,48.611114453,522.1630571,2685,"drought","C44","CPCRW","lowland","forced","30 day",3,"CPCRW_30d_low_FAD_r3"
"44",2019-07-22 23:42:05,8,48.485585272,518.90082736,2736,"drought","C44","CPCRW","lowland","forced","30 day",3,"CPCRW_30d_low_FAD_r3"
"44",2019-07-22 23:10:23,8,48.738712178,467.88875647,834,"drought","C44","CPCRW","lowland","forced","30 day",3,"CPCRW_30d_low_FAD_r3"
"44",2019-07-22 23:33:55,8,48.738712178,546.44799953,2246,"drought","C44","CPCRW","lowland","forced","30 day",3,"CPCRW_30d_low_FAD_r3"
"44",2019-07-22 23:34:47,8,48.738712178,543.49771745,2298,"drought","C44","CPCRW","lowland","forced","30 day",3,"CPCRW_30d_low_FAD_r3"
"44",2019-07-22 23:12:54,8,48.738712178,515.99911487,985,"drought","C44","CPCRW","lowland","forced","30 day",3,"CPCRW_30d_low_FAD_r3"
"44",2019-07-22 23:13:44,8,48.738712178,516.7299771,1035,"drought","C44","CPCRW","lowland","forced","30 day",3,"CPCRW_30d_low_FAD_r3"
"44",2019-07-22 23:14:35,8,48.738712178,513.90069456,1086,"drought","C44","CPCRW","lowland","forced","30 day",3,"CPCRW_30d_low_FAD_r3"
"44",2019-07-22 23:15:26,8,48.738712178,511.81870789,1137,"drought","C44","CPCRW","lowland","forced","30 day",3,"CPCRW_30d_low_FAD_r3"
"44",2019-07-22 23:16:16,8,48.738712178,510.39528168,1187,"drought","C44","CPCRW","lowland","forced","30 day",3,"CPCRW_30d_low_FAD_r3"
"44",2019-07-22 23:17:05,8,48.738712178,509.06438987,1236,"drought","C44","CPCRW","lowland","forced","30 day",3,"CPCRW_30d_low_FAD_r3"
"44",2019-07-22 23:40:38,8,48.738712178,525.81385041,2649,"drought","C44","CPCRW","lowland","forced","30 day",3,"CPCRW_30d_low_FAD_r3"
"44",2019-07-22 23:18:48,8,48.738712178,506.96140994,1339,"drought","C44","CPCRW","lowland","forced","30 day",3,"CPCRW_30d_low_FAD_r3"
"44",2019-07-22 23:19:37,8,48.738712178,506.52310207,1388,"drought","C44","CPCRW","lowland","forced","30 day",3,"CPCRW_30d_low_FAD_r3"
"44",2019-07-22 23:20:27,8,48.738712178,510.64507954,1438,"drought","C44","CPCRW","lowland","forced","30 day",3,"CPCRW_30d_low_FAD_r3"
"44",2019-07-22 23:21:18,8,48.738712178,560.42278942,1489,"drought","C44","CPCRW","lowland","forced","30 day",3,"CPCRW_30d_low_FAD_r3"
"44",2019-07-22 23:11:13,8,48.738712178,480.22524395,884,"drought","C44","CPCRW","lowland","forced","30 day",3,"CPCRW_30d_low_FAD_r3"
"44",2019-07-22 23:12:04,8,48.738712178,502.99042947,935,"drought","C44","CPCRW","lowland","forced","30 day",3,"CPCRW_30d_low_FAD_r3"
"44",2019-07-22 23:53:25,8,44.870201483,501.00702973,3416,"drought","C44","CPCRW","lowland","forced","30 day",3,"CPCRW_30d_low_FAD_r3"
"44",2019-07-22 23:54:16,8,44.870201483,499.91026505,3467,"drought","C44","CPCRW","lowland","forced","30 day",3,"CPCRW_30d_low_FAD_r3"
"44",2019-07-22 23:24:40,8,48.738712178,601.5548493,1691,"drought","C44","CPCRW","lowland","forced","30 day",3,"CPCRW_30d_low_FAD_r3"
"44",2019-07-22 23:25:31,8,48.738712178,584.86002509,1742,"drought","C44","CPCRW","lowland","forced","30 day",3,"CPCRW_30d_low_FAD_r3"
"44",2019-07-22 23:26:21,8,48.738712178,577.13522055,1792,"drought","C44","CPCRW","lowland","forced","30 day",3,"CPCRW_30d_low_FAD_r3"
"44",2019-07-22 23:27:10,8,48.738712178,572.4545858,1841,"drought","C44","CPCRW","lowland","forced","30 day",3,"CPCRW_30d_low_FAD_r3"
"44",2019-07-22 23:17:57,8,48.738712178,507.72878027,1288,"drought","C44","CPCRW","lowland","forced","30 day",3,"CPCRW_30d_low_FAD_r3"
"44",2019-07-22 23:28:52,8,48.738712178,565.85234125,1943,"drought","C44","CPCRW","lowland","forced","30 day",3,"CPCRW_30d_low_FAD_r3"
"44",2019-07-22 23:29:43,8,48.738712178,562.87697582,1994,"drought","C44","CPCRW","lowland","forced","30 day",3,"CPCRW_30d_low_FAD_r3"
"44",2019-07-22 23:30:33,8,48.738712178,559.735244,2044,"drought","C44","CPCRW","lowland","forced","30 day",3,"CPCRW_30d_low_FAD_r3"
"44",2019-07-22 23:31:24,8,48.738712178,556.45359987,2095,"drought","C44","CPCRW","lowland","forced","30 day",3,"CPCRW_30d_low_FAD_r3"
"44",2019-07-22 23:32:15,8,48.738712178,553.02921611,2146,"drought","C44","CPCRW","lowland","forced","30 day",3,"CPCRW_30d_low_FAD_r3"
"44",2019-07-22 23:42:56,8,48.485585272,517.47116483,2787,"drought","C44","CPCRW","lowland","forced","30 day",3,"CPCRW_30d_low_FAD_r3"
"44",2019-07-22 23:43:44,8,48.485585272,516.03384886,2835,"drought","C44","CPCRW","lowland","forced","30 day",3,"CPCRW_30d_low_FAD_r3"
"44",2019-07-22 23:44:34,8,48.485585272,514.83343883,2885,"drought","C44","CPCRW","lowland","forced","30 day",3,"CPCRW_30d_low_FAD_r3"
"44",2019-07-22 23:44:40,8,48.479208818,513.56206027,2891,"drought","C44","CPCRW","lowland","forced","30 day",3,"CPCRW_30d_low_FAD_r3"
"44",2019-07-22 23:45:14,8,48.479208818,513.56206027,2925,"drought","C44","CPCRW","lowland","forced","30 day",3,"CPCRW_30d_low_FAD_r3"
"44",2019-07-22 23:46:03,8,48.47283772,512.37808691,2974,"drought","C44","CPCRW","lowland","forced","30 day",3,"CPCRW_30d_low_FAD_r3"
"44",2019-07-22 23:46:53,8,48.47283772,511.22109501,3024,"drought","C44","CPCRW","lowland","forced","30 day",3,"CPCRW_30d_low_FAD_r3"
"44",2019-07-22 23:47:44,8,48.47283772,509.83019373,3075,"drought","C44","CPCRW","lowland","forced","30 day",3,"CPCRW_30d_low_FAD_r3"
"44",2019-07-22 23:48:35,8,48.47283772,508.35793331,3126,"drought","C44","CPCRW","lowland","forced","30 day",3,"CPCRW_30d_low_FAD_r3"
"44",2019-07-22 23:48:41,8,48.467693364,506.78518926,3132,"drought","C44","CPCRW","lowland","forced","30 day",3,"CPCRW_30d_low_FAD_r3"
"44",2019-07-22 23:49:14,8,48.467693364,506.78518926,3165,"drought","C44","CPCRW","lowland","forced","30 day",3,"CPCRW_30d_low_FAD_r3"
"44",2019-07-22 23:49:44,8,48.462552501,505.49260536,3195,"drought","C44","CPCRW","lowland","forced","30 day",3,"CPCRW_30d_low_FAD_r3"
"44",2019-07-22 23:50:03,8,48.462552501,505.49260536,3214,"drought","C44","CPCRW","lowland","forced","30 day",3,"CPCRW_30d_low_FAD_r3"
"44",2019-07-22 23:50:55,8,44.870201483,504.11236332,3266,"drought","C44","CPCRW","lowland","forced","30 day",3,"CPCRW_30d_low_FAD_r3"
"44",2019-07-22 23:22:10,8,48.738712178,652.8448995,1541,"drought","C44","CPCRW","lowland","forced","30 day",3,"CPCRW_30d_low_FAD_r3"
"44",2019-07-22 23:23:00,8,48.738712178,672.80427917,1591,"drought","C44","CPCRW","lowland","forced","30 day",3,"CPCRW_30d_low_FAD_r3"
"44",2019-07-22 23:23:49,8,48.738712178,629.44184631,1640,"drought","C44","CPCRW","lowland","forced","30 day",3,"CPCRW_30d_low_FAD_r3"
"44",2019-07-22 23:28:01,8,48.738712178,568.87582755,1892,"drought","C44","CPCRW","lowland","forced","30 day",3,"CPCRW_30d_low_FAD_r3"
"44",2019-07-22 23:51:46,8,44.870201483,503.18869208,3317,"drought","C44","CPCRW","lowland","forced","30 day",3,"CPCRW_30d_low_FAD_r3"
"44",2019-07-22 23:52:36,8,44.870201483,502.0736651,3367,"drought","C44","CPCRW","lowland","forced","30 day",3,"CPCRW_30d_low_FAD_r3"
"48",2019-07-22 20:52:23,12,47.244855948,507.18549494,52,"drought","C48","CPCRW","lowland","constant weight","1000 day",3,"CPCRW_1000d_low_CW_r3"
"48",2019-07-29 16:16:02,1,50.374694726,538.10603138,100,"drought","C48","CPCRW","lowland","constant weight","1000 day",3,"CPCRW_1000d_low_CW_r3"
"48",2019-07-29 15:25:26,1,50.374694726,490.47782652,146,"drought","C48","CPCRW","lowland","constant weight","1000 day",3,"CPCRW_1000d_low_CW_r3"
"48",2019-07-29 15:23:50,1,50.374694726,507.83371617,50,"drought","C48","CPCRW","lowland","constant weight","1000 day",3,"CPCRW_1000d_low_CW_r3"
"48",2019-07-29 15:24:39,1,50.374694726,507.67795752,99,"drought","C48","CPCRW","lowland","constant weight","1000 day",3,"CPCRW_1000d_low_CW_r3"
"48",2019-07-29 15:48:15,1,50.374694726,491.99376938,100,"drought","C48","CPCRW","lowland","constant weight","1000 day",3,"CPCRW_1000d_low_CW_r3"
"48",2019-07-29 15:23:00,1,50.374694726,493.28162824,0,"drought","C48","CPCRW","lowland","constant weight","1000 day",3,"CPCRW_1000d_low_CW_r3"
"48",2019-07-29 15:46:35,1,50.374694726,481.20506195,0,"drought","C48","CPCRW","lowland","constant weight","1000 day",3,"CPCRW_1000d_low_CW_r3"
"48",2019-07-29 15:47:25,1,50.374694726,491.86133457,50,"drought","C48","CPCRW","lowland","constant weight","1000 day",3,"CPCRW_1000d_low_CW_r3"
"48",2019-07-29 16:15:12,1,50.374694726,592.16437665,50,"drought","C48","CPCRW","lowland","constant weight","1000 day",3,"CPCRW_1000d_low_CW_r3"
"48",2019-07-29 15:26:12,1,50.374694726,487.74375971,192,"drought","C48","CPCRW","lowland","constant weight","1000 day",3,"CPCRW_1000d_low_CW_r3"
"48",2019-07-29 15:49:53,1,50.374694726,478.38550242,198,"drought","C48","CPCRW","lowland","constant weight","1000 day",3,"CPCRW_1000d_low_CW_r3"
"48",2019-07-29 16:14:22,1,50.374694726,602.09920286,0,"drought","C48","CPCRW","lowland","constant weight","1000 day",3,"CPCRW_1000d_low_CW_r3"
"48",2019-07-29 15:49:05,1,50.374694726,480.10196085,150,"drought","C48","CPCRW","lowland","constant weight","1000 day",3,"CPCRW_1000d_low_CW_r3"
"49",2019-07-23 16:12:44,2,51.055614243,482.37218039,0,"drought","C49","CPCRW","lowland","forced","150 day",3,"CPCRW_150d_low_FAD_r3"
"49",2019-07-23 16:13:36,2,51.055614243,487.20434948,52,"drought","C49","CPCRW","lowland","forced","150 day",3,"CPCRW_150d_low_FAD_r3"
"5",2019-07-29 16:25:06,5,50.374694726,529.73680655,48,"drought","C5","CPCRW","upland","constant weight","1000 day",4,"CPCRW_1000d_up_CW_r4"
"5",2019-07-29 16:24:18,5,50.374694726,529.21885405,0,"drought","C5","CPCRW","upland","constant weight","1000 day",4,"CPCRW_1000d_up_CW_r4"
"5",2019-07-29 16:25:56,5,50.374694726,528.55534823,98,"drought","C5","CPCRW","upland","constant weight","1000 day",4,"CPCRW_1000d_up_CW_r4"
"50",2019-07-29 16:35:39,9,49.291659587,396.41878837,55,"drought","C50","CPCRW","lowland","forced","30 day",1,"CPCRW_30d_low_FAD_r1"
"50",2019-07-29 16:35:33,9,49.284918142,430.14707428,49,"drought","C50","CPCRW","lowland","forced","30 day",1,"CPCRW_30d_low_FAD_r1"
"50",2019-07-29 16:36:12,9,49.291659587,396.41878837,88,"drought","C50","CPCRW","lowland","forced","30 day",1,"CPCRW_30d_low_FAD_r1"
"51",2019-07-22 21:29:21,5,47.244855948,495.84827824,51,"drought","C51","CPCRW","lowland","constant weight","1000 day",4,"CPCRW_1000d_low_CW_r4"
"51",2019-07-22 21:30:11,5,47.244855948,481.6137166,101,"drought","C51","CPCRW","lowland","constant weight","1000 day",4,"CPCRW_1000d_low_CW_r4"
"51",2019-07-22 21:28:30,5,47.244855948,518.71315926,0,"drought","C51","CPCRW","lowland","constant weight","1000 day",4,"CPCRW_1000d_low_CW_r4"
"52",2019-07-23 16:26:13,7,51.055614243,402.55160155,52,"drought","C52","CPCRW","lowland","forced","90 day",3,"CPCRW_90d_low_FAD_r3"
"52",2019-07-23 16:25:21,7,51.055614243,449.57612393,0,"drought","C52","CPCRW","lowland","forced","90 day",3,"CPCRW_90d_low_FAD_r3"
"54A",2019-07-22 21:23:27,3,47.244855948,555.26342025,0,"drought","C54A","CPCRW","lowland","constant weight","1000 day",2,"CPCRW_1000d_low_CW_r2"
"54A",2019-07-22 21:24:17,3,47.244855948,573.26462614,50,"drought","C54A","CPCRW","lowland","constant weight","1000 day",2,"CPCRW_1000d_low_CW_r2"
"54A",2019-07-22 21:25:08,3,47.244855948,634.47232922,101,"drought","C54A","CPCRW","lowland","constant weight","1000 day",2,"CPCRW_1000d_low_CW_r2"
"55",2019-07-22 21:26:00,4,47.244855948,599.27188341,0,"drought","C55","CPCRW","lowland","constant weight","150 day",4,"CPCRW_150d_low_CW_r4"
"55",2019-07-22 21:26:49,4,47.244855948,560.88521773,49,"drought","C55","CPCRW","lowland","constant weight","150 day",4,"CPCRW_150d_low_CW_r4"
"55",2019-07-22 21:27:39,4,47.244855948,551.17631507,99,"drought","C55","CPCRW","lowland","constant weight","150 day",4,"CPCRW_150d_low_CW_r4"
"58",2019-07-29 16:28:13,6,49.811409803,463.97778723,38,"drought","C58","CPCRW","lowland","constant weight","1000 day",1,"CPCRW_1000d_low_CW_r1"
"58",2019-07-29 16:27:39,6,49.811409803,463.97778723,4,"drought","C58","CPCRW","lowland","constant weight","1000 day",1,"CPCRW_1000d_low_CW_r1"
"58",2019-07-29 16:27:35,6,50.374694726,523.84379188,0,"drought","C58","CPCRW","lowland","constant weight","1000 day",1,"CPCRW_1000d_low_CW_r1"
"59",2019-07-29 20:13:58,11,49.770235991,492.47039889,0,"drought","C59","CPCRW","lowland","forced","1000 day",3,"CPCRW_1000d_low_FAD_r3"
"59",2019-07-29 20:14:49,11,49.770235991,509.52427869,51,"drought","C59","CPCRW","lowland","forced","1000 day",3,"CPCRW_1000d_low_FAD_r3"
"59",2019-07-29 21:05:08,11,49.770235991,537.67253456,0,"drought","C59","CPCRW","lowland","forced","1000 day",3,"CPCRW_1000d_low_FAD_r3"
"59",2019-07-29 18:57:36,11,49.770235991,601.04873231,103,"drought","C59","CPCRW","lowland","forced","1000 day",3,"CPCRW_1000d_low_FAD_r3"
"59",2019-07-29 21:06:47,11,49.770235991,600.32913415,99,"drought","C59","CPCRW","lowland","forced","1000 day",3,"CPCRW_1000d_low_FAD_r3"
"59",2019-07-29 22:19:11,11,49.696885816,493.4224953,0,"drought","C59","CPCRW","lowland","forced","1000 day",3,"CPCRW_1000d_low_FAD_r3"
"59",2019-07-29 22:20:00,11,49.696885816,502.92637708,49,"drought","C59","CPCRW","lowland","forced","1000 day",3,"CPCRW_1000d_low_FAD_r3"
"59",2019-07-29 21:05:58,11,49.770235991,573.54964601,50,"drought","C59","CPCRW","lowland","forced","1000 day",3,"CPCRW_1000d_low_FAD_r3"
"59",2019-07-29 18:03:58,11,49.765611498,467.36524446,0,"drought","C59","CPCRW","lowland","forced","1000 day",3,"CPCRW_1000d_low_FAD_r3"
"59",2019-07-29 18:04:48,11,49.765611498,463.18853685,50,"drought","C59","CPCRW","lowland","forced","1000 day",3,"CPCRW_1000d_low_FAD_r3"
"59",2019-07-29 18:55:53,11,49.770235991,472.61977895,0,"drought","C59","CPCRW","lowland","forced","1000 day",3,"CPCRW_1000d_low_FAD_r3"
"59",2019-07-29 18:56:45,11,49.770235991,558.1543016,52,"drought","C59","CPCRW","lowland","forced","1000 day",3,"CPCRW_1000d_low_FAD_r3"
"6",2019-07-29 17:56:53,8,49.765611498,459.6347611,0,"drought","C6","CPCRW","upland","forced","30 day",1,"CPCRW_30d_up_FAD_r1"
"6",2019-07-29 17:57:41,8,49.765611498,449.19237019,48,"drought","C6","CPCRW","upland","forced","30 day",1,"CPCRW_30d_up_FAD_r1"
"6",2019-07-29 18:48:22,8,49.770235991,533.01258089,0,"drought","C6","CPCRW","upland","forced","30 day",1,"CPCRW_30d_up_FAD_r1"
"6",2019-07-29 18:49:12,8,49.770235991,492.19690713,50,"drought","C6","CPCRW","upland","forced","30 day",1,"CPCRW_30d_up_FAD_r1"
"6",2019-07-29 18:50:02,8,49.770235991,525.46397013,100,"drought","C6","CPCRW","upland","forced","30 day",1,"CPCRW_30d_up_FAD_r1"
"6",2019-07-29 19:43:44,8,49.770235991,501.79452656,0,"drought","C6","CPCRW","upland","forced","30 day",1,"CPCRW_30d_up_FAD_r1"
"6",2019-07-29 19:44:35,8,49.770235991,486.59794721,51,"drought","C6","CPCRW","upland","forced","30 day",1,"CPCRW_30d_up_FAD_r1"
"6",2019-07-29 22:12:30,8,49.696885816,501.37325279,51,"drought","C6","CPCRW","upland","forced","30 day",1,"CPCRW_30d_up_FAD_r1"
"6",2019-07-29 22:11:39,8,49.696885816,496.26689203,0,"drought","C6","CPCRW","upland","forced","30 day",1,"CPCRW_30d_up_FAD_r1"
"6",2019-07-29 20:57:35,8,49.770235991,556.43315469,0,"drought","C6","CPCRW","upland","forced","30 day",1,"CPCRW_30d_up_FAD_r1"
"6",2019-07-29 20:58:26,8,49.770235991,518.1654327,51,"drought","C6","CPCRW","upland","forced","30 day",1,"CPCRW_30d_up_FAD_r1"
"6",2019-07-29 20:59:16,8,49.770235991,531.53294082,101,"drought","C6","CPCRW","upland","forced","30 day",1,"CPCRW_30d_up_FAD_r1"
"62",2019-07-22 20:56:36,14,47.244855948,605.67414913,51,"drought","C62","CPCRW","lowland","constant weight","150 day",2,"CPCRW_150d_low_CW_r2"
"62",2019-07-22 20:57:24,14,47.244855948,624.06595087,99,"drought","C62","CPCRW","lowland","constant weight","150 day",2,"CPCRW_150d_low_CW_r2"
"62",2019-07-29 15:55:30,3,50.374694726,479.14477502,0,"drought","C62","CPCRW","lowland","constant weight","150 day",2,"CPCRW_150d_low_CW_r2"
"62",2019-07-22 20:55:45,14,47.244855948,557.7797645,0,"drought","C62","CPCRW","lowland","constant weight","150 day",2,"CPCRW_150d_low_CW_r2"
"62",2019-07-29 15:57:08,3,50.374694726,489.06318102,98,"drought","C62","CPCRW","lowland","constant weight","150 day",2,"CPCRW_150d_low_CW_r2"
"62",2019-07-29 15:57:57,3,50.374694726,479.82528582,147,"drought","C62","CPCRW","lowland","constant weight","150 day",2,"CPCRW_150d_low_CW_r2"
"62",2019-07-29 15:58:45,3,50.374694726,479.32108222,195,"drought","C62","CPCRW","lowland","constant weight","150 day",2,"CPCRW_150d_low_CW_r2"
"62",2019-07-29 15:56:19,3,50.374694726,487.97171131,49,"drought","C62","CPCRW","lowland","constant weight","150 day",2,"CPCRW_150d_low_CW_r2"
"62",2019-07-29 16:20:12,3,50.374694726,538.74754301,49,"drought","C62","CPCRW","lowland","constant weight","150 day",2,"CPCRW_150d_low_CW_r2"
"62",2019-07-29 16:21:01,3,50.374694726,528.9861696,98,"drought","C62","CPCRW","lowland","constant weight","150 day",2,"CPCRW_150d_low_CW_r2"
"62",2019-07-29 15:31:52,3,50.374694726,485.94500359,0,"drought","C62","CPCRW","lowland","constant weight","150 day",2,"CPCRW_150d_low_CW_r2"
"62",2019-07-29 15:32:42,3,50.374694726,501.44437188,50,"drought","C62","CPCRW","lowland","constant weight","150 day",2,"CPCRW_150d_low_CW_r2"
"62",2019-07-29 15:33:31,3,50.374694726,502.69611551,99,"drought","C62","CPCRW","lowland","constant weight","150 day",2,"CPCRW_150d_low_CW_r2"
"62",2019-07-29 15:34:20,3,50.374694726,485.86933353,148,"drought","C62","CPCRW","lowland","constant weight","150 day",2,"CPCRW_150d_low_CW_r2"
"62",2019-07-29 15:35:08,3,50.374694726,482.90151852,196,"drought","C62","CPCRW","lowland","constant weight","150 day",2,"CPCRW_150d_low_CW_r2"
"62",2019-07-29 16:19:23,3,50.374694726,571.45321909,0,"drought","C62","CPCRW","lowland","constant weight","150 day",2,"CPCRW_150d_low_CW_r2"
"71",2019-07-29 22:27:22,14,49.696885816,530.34202928,51,"drought","C71","CPCRW","lowland","forced","90 day",4,"CPCRW_90d_low_FAD_r4"
"71",2019-07-29 18:12:06,14,49.765611498,474.24112964,49,"drought","C71","CPCRW","lowland","forced","90 day",4,"CPCRW_90d_low_FAD_r4"
"71",2019-07-29 19:05:08,14,49.770235991,542.71147113,101,"drought","C71","CPCRW","lowland","forced","90 day",4,"CPCRW_90d_low_FAD_r4"
"71",2019-07-29 21:12:41,14,49.770235991,521.11518173,0,"drought","C71","CPCRW","lowland","forced","90 day",4,"CPCRW_90d_low_FAD_r4"
"71",2019-07-29 21:13:31,14,49.770235991,612.33528045,50,"drought","C71","CPCRW","lowland","forced","90 day",4,"CPCRW_90d_low_FAD_r4"
"71",2019-07-29 20:22:21,14,49.770235991,505.90918487,49,"drought","C71","CPCRW","lowland","forced","90 day",4,"CPCRW_90d_low_FAD_r4"
"71",2019-07-29 22:26:31,14,49.696885816,544.03332609,0,"drought","C71","CPCRW","lowland","forced","90 day",4,"CPCRW_90d_low_FAD_r4"
"71",2019-07-23 16:22:50,6,51.055614243,454.12572147,0,"drought","C71","CPCRW","lowland","forced","90 day",4,"CPCRW_90d_low_FAD_r4"
"71",2019-07-23 16:23:39,6,51.055614243,439.3539208,49,"drought","C71","CPCRW","lowland","forced","90 day",4,"CPCRW_90d_low_FAD_r4"
"71",2019-07-29 21:14:22,14,49.770235991,638.6159822,101,"drought","C71","CPCRW","lowland","forced","90 day",4,"CPCRW_90d_low_FAD_r4"
"71",2019-07-29 19:04:18,14,49.770235991,535.199948,51,"drought","C71","CPCRW","lowland","forced","90 day",4,"CPCRW_90d_low_FAD_r4"
"71",2019-07-29 18:11:17,14,49.765611498,466.72068857,0,"drought","C71","CPCRW","lowland","forced","90 day",4,"CPCRW_90d_low_FAD_r4"
"71",2019-07-29 20:21:32,14,49.770235991,535.84580482,0,"drought","C71","CPCRW","lowland","forced","90 day",4,"CPCRW_90d_low_FAD_r4"
"71",2019-07-29 19:03:27,14,49.770235991,511.9362829,0,"drought","C71","CPCRW","lowland","forced","90 day",4,"CPCRW_90d_low_FAD_r4"
"71",2019-07-29 18:12:52,14,49.765611498,476.50875884,95,"drought","C71","CPCRW","lowland","forced","90 day",4,"CPCRW_90d_low_FAD_r4"
"72",2019-07-22 21:18:23,1,47.244855948,503.67092128,0,"drought","C72","CPCRW","lowland","constant weight","150 day",3,"CPCRW_150d_low_CW_r3"
"72",2019-07-22 21:19:14,1,47.244855948,501.14445757,51,"drought","C72","CPCRW","lowland","constant weight","150 day",3,"CPCRW_150d_low_CW_r3"
"72",2019-07-22 21:20:04,1,47.244855948,556.27515725,101,"drought","C72","CPCRW","lowland","constant weight","150 day",3,"CPCRW_150d_low_CW_r3"
"74",2019-07-29 16:41:49,12,49.460525739,473.69319341,4,"drought","C74","CPCRW","lowland","forced","1000 day",1,"CPCRW_1000d_low_FAD_r1"
"74",2019-07-29 16:42:22,12,49.460525739,473.69319341,37,"drought","C74","CPCRW","lowland","forced","1000 day",1,"CPCRW_1000d_low_FAD_r1"
"74",2019-07-29 16:43:09,12,49.734407775,464.05433101,84,"drought","C74","CPCRW","lowland","forced","1000 day",1,"CPCRW_1000d_low_FAD_r1"
"74",2019-07-29 16:41:45,12,49.196120987,433.3632289,0,"drought","C74","CPCRW","lowland","forced","1000 day",1,"CPCRW_1000d_low_FAD_r1"
"75",2019-07-29 17:48:49,5,49.765611498,486.8662744,0,"drought","C75","CPCRW","lowland","forced","30 day",2,"CPCRW_30d_low_FAD_r2"
"75",2019-07-29 17:49:37,5,49.765611498,521.81474401,48,"drought","C75","CPCRW","lowland","forced","30 day",2,"CPCRW_30d_low_FAD_r2"
"75",2019-07-29 17:50:26,5,49.765611498,534.28343457,97,"drought","C75","CPCRW","lowland","forced","30 day",2,"CPCRW_30d_low_FAD_r2"
"75",2019-07-29 18:41:38,5,49.770235991,488.58303734,51,"drought","C75","CPCRW","lowland","forced","30 day",2,"CPCRW_30d_low_FAD_r2"
"75",2019-07-29 18:42:28,5,49.770235991,496.54623445,101,"drought","C75","CPCRW","lowland","forced","30 day",2,"CPCRW_30d_low_FAD_r2"
"75",2019-07-29 19:36:10,5,49.770235991,487.05107916,0,"drought","C75","CPCRW","lowland","forced","30 day",2,"CPCRW_30d_low_FAD_r2"
"75",2019-07-29 18:40:47,5,49.770235991,519.52468398,0,"drought","C75","CPCRW","lowland","forced","30 day",2,"CPCRW_30d_low_FAD_r2"
"75",2019-07-29 20:51:46,5,49.770235991,507.67707198,102,"drought","C75","CPCRW","lowland","forced","30 day",2,"CPCRW_30d_low_FAD_r2"
"75",2019-07-29 22:04:05,5,49.696885816,484.23879558,0,"drought","C75","CPCRW","lowland","forced","30 day",2,"CPCRW_30d_low_FAD_r2"
"75",2019-07-29 22:04:57,5,49.696885816,516.05223314,52,"drought","C75","CPCRW","lowland","forced","30 day",2,"CPCRW_30d_low_FAD_r2"
"75",2019-07-29 19:37:51,5,49.770235991,551.74637338,101,"drought","C75","CPCRW","lowland","forced","30 day",2,"CPCRW_30d_low_FAD_r2"
"75",2019-07-29 20:50:04,5,49.770235991,573.01194169,0,"drought","C75","CPCRW","lowland","forced","30 day",2,"CPCRW_30d_low_FAD_r2"
"75",2019-07-29 20:50:55,5,49.770235991,522.89683658,51,"drought","C75","CPCRW","lowland","forced","30 day",2,"CPCRW_30d_low_FAD_r2"
"75",2019-07-29 19:37:01,5,49.770235991,533.3031165,51,"drought","C75","CPCRW","lowland","forced","30 day",2,"CPCRW_30d_low_FAD_r2"
"77",2019-07-29 23:44:30,1,156.63673542,490.08490724,0,"drought","C77","CPCRW","lowland","forced","90 day",1,"CPCRW_90d_low_FAD_r1"
"77",2019-07-23 16:21:09,5,51.055614243,444.33353043,52,"drought","C77","CPCRW","lowland","forced","90 day",1,"CPCRW_90d_low_FAD_r1"
"77",2019-07-23 16:20:17,5,51.055614243,467.51554524,0,"drought","C77","CPCRW","lowland","forced","90 day",1,"CPCRW_90d_low_FAD_r1"
"77",2019-07-29 23:45:19,1,156.63673542,531.10377291,49,"drought","C77","CPCRW","lowland","forced","90 day",1,"CPCRW_90d_low_FAD_r1"
"79",2019-07-29 16:40:22,11,49.247086864,397.93873233,51,"drought","C79","CPCRW","lowland","forced","150 day",2,"CPCRW_150d_low_FAD_r2"
"79",2019-07-29 16:39:31,11,49.298407151,461.18770911,0,"drought","C79","CPCRW","lowland","forced","150 day",2,"CPCRW_150d_low_FAD_r2"
"79",2019-07-29 16:40:18,11,49.298407151,421.31050812,47,"drought","C79","CPCRW","lowland","forced","150 day",2,"CPCRW_150d_low_FAD_r2"
"79",2019-07-29 16:40:56,11,49.247086864,397.93873233,85,"drought","C79","CPCRW","lowland","forced","150 day",2,"CPCRW_150d_low_FAD_r2"
"8",2019-07-29 20:24:03,15,49.770235991,507.54214443,0,"drought","C8","CPCRW","upland","forced","150 day",3,"CPCRW_150d_up_FAD_r3"
"8",2019-07-29 21:15:20,15,49.743034578,528.89388465,6,"drought","C8","CPCRW","upland","forced","150 day",3,"CPCRW_150d_up_FAD_r3"
"8",2019-07-29 21:15:54,15,49.743034578,528.89388465,40,"drought","C8","CPCRW","upland","forced","150 day",3,"CPCRW_150d_up_FAD_r3"
"8",2019-07-23 16:18:36,4,51.055614243,473.82563209,51,"drought","C8","CPCRW","upland","forced","150 day",3,"CPCRW_150d_up_FAD_r3"
"8",2019-07-29 22:29:00,15,49.696885816,498.38040958,0,"drought","C8","CPCRW","upland","forced","150 day",3,"CPCRW_150d_up_FAD_r3"
"8",2019-07-29 22:29:49,15,49.696885816,514.56196393,49,"drought","C8","CPCRW","upland","forced","150 day",3,"CPCRW_150d_up_FAD_r3"
"8",2019-07-29 18:13:40,15,49.765611498,468.56228162,0,"drought","C8","CPCRW","upland","forced","150 day",3,"CPCRW_150d_up_FAD_r3"
"8",2019-07-29 21:16:43,15,49.71592555,530.76926618,89,"drought","C8","CPCRW","upland","forced","150 day",3,"CPCRW_150d_up_FAD_r3"
"8",2019-07-23 16:17:45,4,51.055614243,473.38435915,0,"drought","C8","CPCRW","upland","forced","150 day",3,"CPCRW_150d_up_FAD_r3"
"8",2019-07-29 18:15:18,15,49.765611498,485.61985523,98,"drought","C8","CPCRW","upland","forced","150 day",3,"CPCRW_150d_up_FAD_r3"
"8",2019-07-29 20:24:54,15,49.770235991,517.54394922,51,"drought","C8","CPCRW","upland","forced","150 day",3,"CPCRW_150d_up_FAD_r3"
"8",2019-07-29 21:15:14,15,49.770235991,534.20548099,0,"drought","C8","CPCRW","upland","forced","150 day",3,"CPCRW_150d_up_FAD_r3"
"8",2019-07-29 18:14:29,15,49.765611498,481.10764083,49,"drought","C8","CPCRW","upland","forced","150 day",3,"CPCRW_150d_up_FAD_r3"
"8",2019-07-29 19:07:40,15,49.770235991,538.46762489,102,"drought","C8","CPCRW","upland","forced","150 day",3,"CPCRW_150d_up_FAD_r3"
"8",2019-07-29 19:05:58,15,49.770235991,499.85114095,0,"drought","C8","CPCRW","upland","forced","150 day",3,"CPCRW_150d_up_FAD_r3"
"8",2019-07-29 19:06:49,15,49.770235991,528.20945073,51,"drought","C8","CPCRW","upland","forced","150 day",3,"CPCRW_150d_up_FAD_r3"
"85",2019-07-29 16:50:30,15,49.734407775,506.9335202,51,"drought","C85","CPCRW","lowland","forced","150 day",1,"CPCRW_150d_low_FAD_r1"
"85",2019-07-29 16:49:39,15,49.734407775,509.61891854,0,"drought","C85","CPCRW","lowland","forced","150 day",1,"CPCRW_150d_low_FAD_r1"
